{
	"default": "@foliage",
	"minecraft:water": "@water",
	"minecraft:cauldron": "@water",
	"minecraft:water_cauldron": "@water",
	"minecraft:powder_snow_cauldron": "#ffffff",
	"minecraft:lava_cauldron": "#ffffff",
	"minecraft:grass_block": "@grass",
	"minecraft:grass": "@grass",
	"minecraft:short_grass": "@grass",
	"minecraft:tall_grass": "@grass",
	"minecraft:fern": "@grass",
	"minecraft:large_fern": "@grass",
	"minecraft:redstone_wire": "@redstone",
	"minecraft:birch_leaves": 8431445,
	"minecraft:spruce_leaves": 6396257,
	"minecraft:stonecutter": "#ffffff",
	"minecraft:snow": "#ffffff",
	"minecraft:cherry_leaves": "#ffffff"
}